<Envelope xmlns:SOAP-ENV="http://schemas.xmlsoap.org/soap/envelope/" xmlns:add="http://www.w3.org/2005/03/addressing" xmlns:man="http://www.taleo.com/ws/integration/toolkit/2011/05/management">
	<Header>
		<Action xmlns="http://www.w3.org/2005/03/addressing">
			http://www.taleo.com/ws/integration/toolkit/2005/07/action/export
		</Action>
		<ReplyTo xmlns="http://www.w3.org/2005/03/addressing">
			<Address>
				http://www.taleo.com/ws/integration/toolkit/2005/07/addressing/queue
			</Address>
		</ReplyTo>
		<MessageID xmlns="http://www.w3.org/2005/03/addressing">
			Message_ID_1
		</MessageID>
	</Header>
	<Body>
		<submitDocument>
			<Document xmlns="http://www.taleo.com/ws/integration/toolkit/2011/05">
				<Attributes>
					<Attribute name="locale">
						en
					</Attribute>
					<Attribute name="largegraph">
						true
					</Attribute>
					<Attribute name="mode">
						CSV
					</Attribute>
					<Attribute name="version">
						http://www.taleo.com/ws/tee800/2009/01
					</Attribute>
				</Attributes>
				<Content>
					<ExportQuery xmlns="http://www.taleo.com/ws/so800/2009/01">
						<query alias="Query752BAE88-55BD-11E2-8B1D-CDAFDC756D0C" csvdelimiter="|" csvheader="true" csvquote="&amp;quot;" largegraph="true" preventDuplicates="false" projectedClass="Candidate" xmlns="http://www.taleo.com/ws/integration/toolkit/2005/07" xmlns:m="http://www.taleo.com/ws/integration/toolkit/2005/07" xmlns:quer="http://www.taleo.com/ws/so800/2009/01" xmlns:tn="http://www.taleo.com/ws/integration/tn/2005/07" xmlns:wsa="http://www.w3.org/2005/03/addressing">
							<subQueries />
							<projections>
								<projection>
									<field path="Number" />
								</projection>
								<projection>
									<field path="FirstName" />
								</projection>
								<projection>
									<field path="CreationDate" />
								</projection>
								<projection>
									<field path="AttachedFiles,Attachment,FileName" />
								</projection>
								<projection>
									<field path="AttachedFiles,Attachment,FileContent" />
								</projection>
							</projections>
							<projectionFilterings />
							<filterings>
								<filtering>
									<equal>
										<field path="Number" />
										<string>
											1164548
										</string>
									</equal>
								</filtering>
							</filterings>
							<sortings />
							<sortingFilterings />
							<groupings />
						</query>
					</ExportQuery>
				</Content>
			</Document>
		</submitDocument>
	</Body>
</Envelope>
